answer_id,question_id,answer_text
1,1,Mental health includes our emotional, psychological, and social well-being. It affects how we think, feel, and act. It also helps determine how we handle stress, relate to others, and make choices.
2,2,Mental health is important because it affects every aspect of our lives. Good mental health helps us cope with stress, build strong relationships, and contribute to our community.
3,3,Depression is a common mental health disorder characterized by persistent sadness, loss of interest in activities, and a lack of energy.
4,4,You might have depression if you experience symptoms like persistent sadness, loss of interest in activities, changes in appetite or sleep patterns, and difficulty concentrating for more than two weeks.
5,5,A therapist is a trained professional who helps individuals deal with mental health issues through various forms of therapy.
6,6,A therapist listens to you, provides support, and helps you develop strategies to manage your mental health issues. They may offer different types of therapy, such as cognitive-behavioral therapy or talk therapy.
7,7,Therapy is a treatment for mental health issues that involves talking to a mental health professional to gain insight, identify problems, and develop coping strategies.
8,8,You might need therapy if you're struggling to cope with emotions, experiencing persistent sadness or anxiety, or having trouble managing daily activities.
9,9,Mental illness can affect anyone, regardless of age, gender, race, or socioeconomic status. It is estimated that one in five adults experiences mental illness each year.
10,10,Mental illness can be caused by a combination of genetic, biological, environmental, and psychological factors.
11,11,Warning signs of mental illness include changes in mood, energy levels, or appetite, withdrawal from social activities, and difficulty concentrating or sleeping.
12,12,Yes, many people with mental illness recover and lead fulfilling lives. Early diagnosis and treatment are crucial for recovery.
13,13,Encourage them to seek professional help, listen without judgment, and offer support. You can also help them find resources or accompany them to appointments.
14,14,You can find a mental health professional by asking for recommendations from your primary care doctor, checking with your insurance provider, or searching online directories.
15,15,Treatment options for mental health issues include therapy, medication, lifestyle changes, and support groups. The best approach depends on the individual and their specific condition.
16,16,When starting treatment, it's important to understand the diagnosis, treatment options, potential side effects of medications, and what to expect from therapy. Ask questions and stay informed.
17,17,Mental health professionals include psychologists, psychiatrists, social workers, and counselors. Each type has different training, expertise, and areas of focus.
18,18,Finding the right mental health professional involves researching their qualifications, experience, and areas of specialization. It's important to feel comfortable and build a good rapport with your provider.
19,19,In addition to mental health professionals, you can seek help from support groups, hotlines, and community organizations. Talking to trusted friends and family members can also provide support.
20,20,Before starting a new medication, ask your doctor about its purpose, potential side effects, interactions with other medications, and how to take it properly.
